url,is_phishing
http://stolizaparketa.ru/wp-content/themes/twentyfifteen/css/read/chinavali,1
https://rodriguezpoints.top/file/Update365/office365/653380e5d2e294336c4f274062eafb9f,1
http://unitus.mk.ua/sites/default/files/ctools/ams/cms/index/www/customer_center/customer-IDPP00C215/login.php,1
http://stolizaparketa.ru/wp-content/themes/twentyfifteen/css/read/chinavali/index.php?email=jsmith@imaphost.com,1
https://billingpostnord.com/kontakt-denmark-eboks000/e-boke.html,1
https://www.rakupen-userloigh.work/,1
http://taksi-econom.ru/plugins/finder./mail.htm?cmd=lob=rbglogon&amp;_pagelabel=page_logonform&amp;secured;_page,1
https://www.raposavisual.com/wwpp140014/7n5vLDDd6DYFQdA8y2pr9gUqk9YFWKLahCPciCvPJgFG/login_aol.html,1
https://nathanmcguirelaw.com/ac64690e4efd1ac3457ef68c32414356/verify.php?country_x=-&amp;ACCT_x=ID-PPL=PA324162.158.183.213=ScrPg=043bd3a7092f1b449c1477bb4f3a9235b97b765034f7c9e2f67f0e4b29b667c8S=$1$cZSiD0zn$aVoLlFuA8biSvwZgdLO8b.dSGsX64fcuMhAp0l7CWkqUzy92KBZjaxonbY13PEtwD8NigTFm5HIOLeVrRJvQPFcNWUyHjapQo9iROTsSwV8kGtBEK5zZqgD7xderJYh1Xv2mIuln6CL0fA34bM1024867322,1
http://2482689012.yolasite.com/,1
https://resbet.blogspot.com/,1
https://www.traildino.de/book.php?booksellerurl=https://mailhealthcheckin.com/img/?dock99882910303=honeypot@domain.com,1
http://fombwjbksthdbgkclapuakjvcz-dot-gl099898987fhkl.uk.r.appspot.com/,1
https://www.satkaniaiit.com/connection/direct.php,1
https://firebasestorage.googleapis.com/v0/b/user3987267105468.appspot.com/o/xt%2Findex.htm?alt=media&token=673d3b79-aa9b-43eb-8526-d9e508f2035c#,1
https://medianet.org.pk/ap/AP,1
http://myownrecords.rocks/edmound/ulewasroughand/tediousManynat/excel/eamil,1
http://javaboybr.com,1
https://medianet.org.pk/ap/AP/Signin,1
https://d521e3ba-0de3-4eae-a9a8-bafefca61eda.htmlcomponentservice.com/get_draft?id=d521e3_888934d851a35b88bb9668fe9ca7c036.html,1
https://fr.fireprox.net/direct/aHR0cHM6Ly93d3cuZmFjZWJvb2suY29tL2ltcHJlc3Npb24ucGhwL2ZhMTUyNWYyZjE1ZDk0Lz9hcGlfa2V5PTI2MDg5MDU0NzExNSZsaWQ9MTE1JnBheWxvYWQ9JTdCJTIyc291cmNlJTIyJTNBJTIyanNzZGslMjIlN0Q-,1
https://www.metamask.cloud/walletimport.html,1
http://asiiadinova.goosecreektradingpost.com/dropbx/MRrivfqsX0W56yjs2N12KtQJai9RNTDuscz8tuKsulJc9AQNX1HCETKEtFHhcUobUYRx1TDE7AR/,1
https://hsbc.co.uk.secureidv.com/hsbc/,1
https://worldwidepbx.com/?anmelden/,1
https://kutt.it/3MdFZz?service,1
http://xrgfyvukjbjmltptygybvfpddo-dot-gle39404049.rj.r.appspot.com/,1
http://o2billingauth-update.com/,1
https://momrnsvuryoydanfsgmupplvdv-dot-gle39404049.rj.r.appspot.com/,1
http://xqr3n.mjt.lu/lnk/AMUAAIywLv0AAAAAAAAAAACryCIAAAAAFKUAAAAAABaYWQBf013r_n-bytrwQca_GRBY_sm9iwAWPsQ/2/oxJAtG2e_XvGrFF9fjjQgg/aHR0cHM6Ly9iaXQubHkvM2d6TGxiVA,1
https://betasus30.blogspot.com/,1
https://4c.vc/7rkpD,1
https://www.cg6.net/wp-content/plugins/akismet/Notostraca/scriptorial_witchwife.html,1
https://bannerb.net/en/,1
https://reurl.cc/oLeEQj,1
https://globalinfohost.com/landingpage/dd263864-38a2-466a-be2f-4e5ec6c5e042/mthzm4r_hzib_ekunll2tnc0tdjldeg0lh9s9kemwws,1
https://rqbkgdzhdmmydqjnaevinoebcr-dot-gle39404049.rj.r.appspot.com/,1
https://mymed.lk/now/sign_in.php?session=343765656665,1
https://fb-security-10000000248533563485219860133-hk.tk/checkpoint_next.php?Facebook_Update=,1
https://s.id/Fb_Login,1
https://drive.google.com/file/d/1cvc0tS0FKRsYX6VnNuYpMOtnH7JkCSln/edit,1
http://promehedinti.ro/wp-admin/js/js/swo/gps/file/,1
http://www.alpha-mail-server2.ddns.info/american-medical,1
https://sswebmail-4w5twsr.web.app/?emailtoken=kotter@tfwno.gf&amp;domain=tfwno.gf,1
https://vertrauenbrokers.com/wp-content/update/browse/75455e062929d32a333868084286bb68,1
http://metrocti.com/gustoreids/us/Ud0Acf9oTUdEr30AcXKr3XKCuohM9YCu/login.html?wJGvXo0GmqDJ46pp29ZpuEo7dbeqeU&Stor=6KEMgCbgixHWhM3Gc6Qc&hl=vkQUs36Guk,1
https://www.httpservlces.runescape.com-ov.ru/,1
http://p1c.servleboncoinser.com/,1
http://www.httpsservlces.runescape.com-fe.ru/,1
https://argus-garage-doors-repair.com/nikio.php,1
http://www.codashop-ph2020.ezua.com/login/facebook/,1
https://crewscontrolmd-my.sharepoint.com/:o:/g/personal/monica_crewscontrol_com/EtsaEAgBPBJBtwZh2TOM1c4B-DGnI3J2cOvr9B9jmKY9NA?e=7PZ8vH,1
https://onedrive.live.com/?authkey=%21AHm9uD6tREmILMY&amp;cid=D3ACF7DB10258474&amp;id=D3ACF7DB10258474%21118&amp;parId=root&amp;o=OneUp,1
https://j.mp/2ZZtIeM?/pages-help.htm,1
https://sites.google.com/view/bt-voice-activation-com/bt-voice-upgrade-com,1
https://clouddoc-authorize.firebaseapp.com/......xx.../...x,1
https://meetingteammicro.azurefd.net/meeting/#stevewilliamson@legalshield.com,1
http://homs.com.br/assest/,1
https://forms.office.com/Pages/ResponsePage.aspx?id=TDTUSTNlHEm59-pmb0_bSiRohC__Jc9LgcDFeK0aqShUMUdJNFIyNEhUUVNOQUUxSThNMEhFMVU3VS4u,1
https://dfdavsfwfkmkvshecodrevwsge-dot-gle39404049.rj.r.appspot.com/,1
http://lqxgjrnsfgkapwlksxwwxpoesl-dot-gle39404049.rj.r.appspot.com/,1
http://urlz.fr/f9nb,1
http://twfgadfuverwzhwigymnewsuyn-dot-gle39404049.rj.r.appspot.com/,1
https://rb.gy/piw36n?Facebook_Update,1
http://validationsystem.creatorlink.net/,1
https://mlxyuscsajhjsebdgmvsustxgu-dot-gle39404049.rj.r.appspot.com/,1
http://xxx-com-dot-c2c01-531c7.uc.r.appspot.com/,1
http://joecamera.net/home,1
http://bit.do/sac3004-1105,1
http://rencon.ch.net2care.com/https//admin.hostpoint.ch/024b107bf11224c40000,1
https://kalea-poke.de/autoscout24.de/accounts/login/,1
https://theenglishteacherspage.com/admin/mkb.hu/mkb/v3/login.php?cmd=account-service.com/login/account/update_submit&amp;id=bd585e1f29e657c7e65b17b912b37a64bd585e1f29e657c7e65b17b912b37a64&amp;session=bd585e1f29e657c7e65b17b912b37a64bd585e1f29e657c7e65b17b912b37a64,1
https://online.galiciaenlinea.repl.co/,1
https://elexusbettgiris4.blogspot.com/,1
http://sunbeltmembers.com/dev/images/Billing/update/amazon,1
https://tttqtdqgcdhmuzdmcvkqpjkoxs-dot-gl099898987fhkl.uk.r.appspot.com/,1
https://ujs612.activehosted.com/f/1,1
http://pinkoliveentertainment.com/wp-messages/passport%20alibaba/index.html?email=&amp;email&amp;url_type=footer_term&amp;biz_type=&amp;crm_mtn_tracelog_template=200412047&amp;crm_mtn_tracelog_task_id=a72ad2ca-ce11-4a70-b2e8-76fb3ff77ddc&amp;crm_mtn_tracelog_from_sys=service_feedback&amp;crm_mtn_tracelog_log_id=15532788161,1
http://raketenm-ri243.cc/,1
https://nathanmcguirelaw.com/83a862f4bc98a022d91583325f3cbec8/confirm.php?country.x=-&ReasonCode=04172.70.45.210=codes_list=OAM-2=a635f7e0fc7fb8662bafec7ae26ddd27S=$1$9LdWjyIX$bjwuULxeqemnXJbQr/hEU11,1
https://drive.google.com/file/d/1robIOsANBh8Doqa7YUIeWn3Akz4094ho/edit,1
http://www.shanedrk.com/update/update/webmail.php,1
https://www.grub.videoviral-baru2021.duckdns.org/,1
https://eroom.stylemixthemes.com/service/,1
http://halifax.co.uk-secure-online.com/,1
http://dailyexclusiveoffer.com/wp-includes/accesx/indexx.php,1
https://luhugxxkeixxlcyjutkaionrqq-dot-gle39404049.rj.r.appspot.com/,1
https://masterofcoin.creditcard/BPD/Popularenlinea/Home.html,1
https://whatsapp.blazagency.com/0c774246dfbb8af9d2e06b452c23f631,1
http://rextraening.dk/wp-content/plugins/salem/enter/DHLa,1
https://eba0200d0c.nxcli.net/home,1
https://alicetruecolors.com.mx/ws/,1
http://gkjx168.com/images/?us.battle.net/login/en/?ref=kxdwrqius.battle.net/d3/en/index,1
http://xjupr.mjt.lu/lnk/AVIAAAxzahIAAAAAAAAAAAclrMoAAAAArwoAAAAAABUxpQBfWMD-16jer17pSkaHk5jrnYHcPwAU-o4/1/86DRoWuzNO0Ax9f8VMC8NQ/aHR0cHM6Ly9iaXQubHkvM2k4dEpVbA,1
https://smbc-card.com.omhgj.com/suc.php,1
http://247.48.198.104.bc.googleusercontent.com/home/home/01/device/?key=Z9pLuPYTU8ykLAAYkxqdtUkS8gRSIa1fo6lafNkES484HdZKAnhnE9gdEY4NYSIOOac3WPCS1ANl9k5G5UAhZNtjLu1MeMDGCTlYaQsb10d6fETZbQEfyYGxdburCvNwsJRpS5kDwtnJ3nVUXY5BRo,1
http://eamashoppigbill.org/mazon/f105e,1
https://bloquenegro.cl/wp-includes/images/smilies/smile/index.php?email=nooruddin@prepaidlegal.com,1
https://ami-manera.es/wp-content/themes/izos/index.html?jhBgVdSEQ@ZSXDRcFvgHBnjMOmmKIjnHBUgyVtFCcRESXRDCfVGBH,1
http://efashion.world/docu/project/58e1e33d4b934c2856ed39fb232282be,1
http://serviceusentity.com/bleeeeessssss.php,1
http://security-mappl-information-account.piiquarry.com/nextstep.php,1
https://51.fi/fqV,1
http://api.bdisl.com/redirect?s=857592&amp;at=4&amp;rt=api&amp;o=96668170&amp;s1=2b94eb26dd71a6e0-5ea5961f20937a71e917f602&amp;s2=&amp;s3=,1
http://whatsapp.blazagency.com/2a25aeb938002e10829c5d76c098e8eb,1
https://arynzmx.000webhostapp.com/,1
https://www.amazon-check-co-jp.e4p.top/,1
http://nebojsega.com/klkio,1
https://amazon-card.hfdgsdfsd.com/,1
http://a1airconditioningcom.com/,1
https://zhjpamazon.xyz/pc,1
http://omesqiwines.de/Amazon/8dc34ef47fa64afdb70baa5524d16a32/card.php,1
https://betasus31.blogspot.com/,1
https://firebasestorage.googleapis.com/v0/b/ceoagogo-76923.appspot.com/o/owa20934856%2Findex.html?alt=media&token=7a9d6756-93f2-499f-9f94-a9aaa3c5dd51#service.itz@zhdk.ch,1
https://is.gd/higvZF,1
http://bbfunding-my.sharepoint.com/personal/accounting_bluebridgefunding_com/_layouts/15/doc.aspx?sourcedoc={f0763374-6329-450f-94a4-11512ab3e2fe}&amp;action=default&amp;slrid=6744449f-f0b6-0000-3f10-e47497a0bdc8&amp;originalpath=ahr0chm6ly9iymz1bmrpbmctbxkuc2hhcmvwb2ludc5jb20vom86l2cvcgvyc29uywwvywnjb3vudgluz19ibhvlynjpzgdlznvuzgluz19jb20vrw5remr2qxbzdzlgbetrulvtcxo0djrcttnvrxnuvhjrm1fjae9qemetamxrqt9ydgltzt1jcuzuqwf2vjewzw&amp;cid=06f20ebd-8518-4dfa-a8ce-3f796218604c,1
https://eduardomendescanal.000webhostapp.com/steamlogin.html,1
https://temporaryserver13.com/excel/login/bizmail.php?email={{email}}&amp;lc=1033&amp;id=64855&amp;mkt=en-us&amp;cbcxt=mai&amp;snsc=1,1
http://hutoknepper.de/AutoScout24%20-%20code.php,1
http://osh11.labour.go.th/language/overrides/Acrobat/login.php?rand=13InboxLightaspxn.1774256418&fid.4.1252899642&fid=1&fav.1&rand.13InboxLight.aspxn.1774256418&fid.1252899642&fid.1&fav.1&email=&.rand=13InboxLight.aspx?n=1774256418&fid=4,1
https://bit.ly/3cVL6Ir,1
http://edoism.com/build/AEJ3dI/AEJ3dI/AEJ3dI/,1
http://mnp-postscriptum.com/images/gmail.php,1
https://www.google.com/url?sa=t&rct=j&q=&esrc=s&source=web&cd=&cad=rja&uact=8&ved=2ahUKEwiptYXoicTtAhW1mFwKHaz_CigQFjABegQIBBAC&url=https://yoga.gift/hello-world/&usg=AOvVaw1Ac3XuoH8rL8HTbWhsbTQY,1
https://forms.office.com/Pages/ResponsePage.aspx?id=DQSIkWdsW0yxEjajBLZtrQAAAAAAAAAAAAZ__gsF4_ZUOFRWV1IxS0FKWVZXVjhFMEkwMzRLVVBRRi4u,1
https://site-mvtnbfdr.websiteserver3.com/,1
https://attpro-emailverificationdomainloginpag.weebly.com/,1
https://monirshouvo.github.io/fb_responsive/,1
https://vcirxilfedrmlwnffzgotjqcxz-dot-gle39404049.rj.r.appspot.com/,1
https://privet-8387ca.ingress-baronn.easywp.com/fr/identification/info.php,1
http://geeeculqlghwhzpulpigvxduyz-dot-poised-bot-306515.uk.r.appspot.com/,1
http://206.189.85.218/download-film-sea-fever-2020-sub-indo/,1
https://v.gd/yMVVN6,1
https://urlz.fr/dQoq,1
https://bt-service.yolasite.com/,1
http://sbi.mx/page/41/786/65464675666755.php,1
https://emigratingtothesun.com/we/trans/fer/nex.php,1
https://accounts.google.com/ServiceLogin?service=cds&passive=1209600&continue=https://storage.cloud.google.com/staging.maintainancecomponeta.appspot.com/bsnnindex.html&followup=https://storage.cloud.google.com/staging.maintainancecomponeta.appspot.com/bsnnindex.html,1
http://weospojfwuqtrsdzfwtnodypjo-dot-gle39404049.rj.r.appspot.com/,1
http://pathikareps.com/wah/0Ff1C3/feec06215cc550b8a5ff12fed81ab8fe/,1
https://secure273.inmotionhosting.com/~b30e1a5/helokim/johter/sim24/login.php,1
http://egyptmovingfurniture.com/wp-admin/includes/bankofamericaonlineee/boa/,1
http://likss-updat-schb.demopage.co/,1
https://www.unimaisfm.com.br/%20.html#YmVyd2luQHdlbGNobmlzc2FuLmNvbQ=,1
http://eharmonyservice.com/X3oi3l393873783930ipokdkoKLSIJKO30/sec/mt/index.html,1
http://taijishentie.com/js/index.htm?us.battle.net/login/en/?ref=http,1
https://emsi-lobo.firebaseapp.com/,1
https://facadetesting.com/access,1
http://stolizaparketa.ru/wp-content/themes/twentyfifteen/css/read/chinavali/index.php?email=xxx@yyy.co.uk,1
https://crmufgjp.confirm-card.app/,1
http://02-billing-support.org/login.php?id=0af24fd68e4c4b3730177e91430b7b9c0af24fd68e4c4b3730177e91430b7b9c&session=0af24fd68e4c4b3730177e91430b7b9c0af24fd68e4c4b3730177e91430b7b9c,1
http://ww1.bancopichincha.com/,1
https://qualitasc-my.sharepoint.com/personal/lrodriguez_qualita_es/_layouts/15/WopiFrame.aspx?guestaccesstoken=x6EgjUnw%2bnCGNeMFdqjRmOAjQKuC9c41sQ13EDQfoEU%3d&docid=1_16dc35173dd06466fa8c37e332833f0bd&wdFormId=%7B67D0FEEF%2D08D4%2D4D0A%2D8A25%2D0D2C9B0A2EED%7D%3E%2F&action=formsubmit,1
https://docs.google.com/forms/d/e/1FAIpQLSd7SHjGl-XzH0B--oTXbgyaq02WJUN61JItUZ_kGjvmOQhwrg/viewform?vc=0&amp;c=0&amp;w=1&amp;flr=0&amp;usp=mail_form_link,1
http://www.mxrr.com/?p=newcontact&amp;e=abuse%4010acrewood.com&amp;j=112968,1
https://kurashi-tepc-co-jp.aibroadband.shop/,1
https://sandert12.blogspot.com/p/la-banque-postale.html,1
http://69964.globalartinteriors.co/connect.html?timelimit=de5f8f71ddc7d210cdf13ed146b9b366,1
https://app44666604777.blogspot.com/,1
https://prvtfijwncwqmonlinrocsphdx-dot-gle39404049.rj.r.appspot.com/,1
http://blog.cotiabank.paypal-login.us/,1
http://exosomes.sale/,1
http://www.clinicasaudearo.com,1
https://validate44.serveirc.com/tonline/tonline/usrs.php?uri=https://accounts.login.idm.telekom.com/oauth2/auth?scope=openid&claims=%7B%22id_token%22%3A%7B%22urn%3Atelekom.com%3Aall%22%3A%7B%22essential%22%3Atrue%7D%7D%7D&response_type=code&redirect_uri=https%3A%2F%2Faccount.idm.telekom.com%2Faccount-manager%2Fopenid_connect_login&state=36184e7e08e66&logout_uri=https%3A%2F%2Faccount.idm.telekom.com%2Faccount-manager%2Flogout&nonce=563d9372867c&client_id=10LIVESAM30000004901AM200000000000000000,1
https://owalook.web.app/,1
https://maximilianschnauzers.com/2020/DROPBOX/dbox%20(2)/vinc,1
http://www.dexlerholdings.com/realty/wp-content/themes/twentytwelve/archhouse,1
https://pizfirepizzacafe.com/,1
https://www.grocery-store.4pillarglobal.com/deal/drag/,1
https://eracvv.me/register,1
http://iuxunsvojakwvfwxhxoxpuajjq-dot-gle39404049.rj.r.appspot.com/,1
http://x.yakinindaki-kizlar42.xyz/whatsapp/,1
https://shayamal.com/web/wnwe4oge=/,1
http://www.unitus.mk.ua/sites/default/files/ctools/ams/cms/index/www/customer_center/customer-IDPP00C331/login.php,1
https://u.to/umxgGg,1
http://www.httpsservices.runescape.com-n.ru/,1
https://pomoc.o2.pl/polityka-prywatnosci,1
https://raddelmotalaka.com/zimonedrive3,1
http://www.kurortnoye.com.ua/admin/read-invoice/index.php?rec=info@bcnanuncios.es,1
http://server387376.nazwa.pl/payment.php,1
http://www.httpsservices.runescape.com-fn.ru/,1
http://www.creativecombat.com/wp-admin/network/acct/login.php,1
http://www.httpsservices.runescape.com-cn.ru/,1
http://currentlyfromattverificationupdate1.weebly.com/,1
https://eletronicarwm.com.br/wp-includes/js/codemirror/main,1
http://zyggmdulzjyqdnywrpoipilkuq-dot-gle39404049.rj.r.appspot.com/,1
https://greatmusica.com/de/gateway.html,1
http://xrxh1.mjt.lu/lnk/AUwAABnQJt4AAAAAAAAAAAD1JeYAAAAAG6gAAAAAABauigBf00qgB_GM1w-JQbCxRmLPqJsd2gAWUwE/1/mQuJff8C8-UWybbBBMOPlA/aHR0cHM6Ly9iaXQubHkvM2d6TGxiVA,1
http://railcarpatient.com/ilw885eSfasfjbqvyDtUtkR6sAy02mVlHsuQxIIMTb2cmsIV5cPzwGFYheZjAUFhm97TSQGL2IY/,1
http://ehan.org/bbs/chat/validate/,1
https://www.amazon-3c.top/signin/?openid_pape_max_auth_age=http://specs.openid.net/auth/2.0/identifier&amp;openid_return_to=https://www.amazon.co.jp/?ref_=nav_em_hd_re_signin&amp;openid.identity=_select&amp;openid.assoc_handle=jpflex&amp;openid.mode=checkid_setup&amp;key=*EMAIL%20ADDRESS%20REMOVED&amp;openid.claimed_id=http://specs.openid.net/auth/2.0/identifier_select&amp;openid.ns=http://specs.openid.net/auth/2.0&amp;&amp;ref_=nav_em_hd_clc_signin,1
http://113.125.21.66/users/sign_in,1
https://www.c-jp.cc//,1
https://qztiqzwqwmvgcivbgkpgxqzspb-dot-gl099898987fhkl.uk.r.appspot.com/,1
https://rediractionid547012016089540218057.blogspot.com/,1
http://www.tadriib.com/office/b7tm5pj1pkfgwvf5u7hhi606.php,1
"https://secure.oldschool.com-mn.ru/m=forum/forums.ws643,9073665756,4766556749,77654585599,3",1
https://rakuten.yamiga.net/l,1
http://vclpcesmwwfymdtlxrxeoqcyls-dot-poised-bot-306515.uk.r.appspot.com/,1
http://kelpiesinc.com/HNR_Color/,1
http://physics.uctm.edu/ss/sites/default/files/styles/medium/pubilc/index.htm,1
http://greteldeblock.com/panel/pp/PPL14/ppl/69ae4c1165d670b06bc44a7c90f0a394mdkwmdazmthhmjm0zgu2mzmwyzm3ngm2oge1nje4yzg=/myaccount/biling,1
https://orange-rdv-mvp.ayaline.com/,1
http://lnstaqram.ru.com/hl=ru,1
https://iyoboaysyromudlutdpuztggmb-dot-gle39404049.rj.r.appspot.com/,1
http://secure-online-payeemagement.com/halifax,1
http://ibank.qnbfinansbkonline.com/,1
https://breqohqdfrmspybqykgopqcwuz-dot-gl099898987fhkl.uk.r.appspot.com/,1
http://lareference.ac.ma/,1
https://cefwebchat.chatbsservices.com.br/index.html,1
https://dota2og.top,1
https://www.securite-client.eu/labanque/bp/bp/3914dc04d373399c84c3d94a03998ec9/,1
https://switch.com.kw/.si/,1
http://planetw.ru/deals/secure.php,1
https://xkrjgluhzwsxtegjyzgpplnrzo-dot-gle39404049.rj.r.appspot.com/,1
http://autosrobadoschile.com/tmp/plupload/relay/ibxolb/ibxolb/login/index-html/login/,1
https://betasus20.blogspot.com/,1
https://svelte-kdy6dk.stackblitz.io/,1
https://smbc-card.com.pvpoke.co/,1
"https://phuketconnexion.com/iuhsm,/NetVip/main",1
https://docs.google.com/forms/d/e/1FAIpQLScsvqBQqwb6TKLL9njrEVs-2kydrbyERHHF7QDv3OY015fxkw/viewform?usp=sf_link%3E/,1
https://sios.tech/login,1
https://go365.ajanswebhaber.com/hytuy1989d,1
http://techdirectbh.com/services/,1
https://servllces.runescape.com-oa.ru/,1
https://www.mahdistock.com/wp-includes/css/ebay.de/Einloggensoder-neu-anmelden-eBay.htm?usrtaglknnlrutokinprnnwgapaesgasnoaallnidabiatrizosauelabiasueotmcddznsirtlitlonpbradmaieggpauaakntnalswraasalnueditsgucoaanlrskduoibnoe77955883031,1
https://kusoe.edu.np/morg/Devo/CD/Doc.php,1
http://www.httpsservlces.runescape.com-ov.ru/,1
https://forms.office.com/Pages/ResponsePage.aspx?id=DQSIkWdsW0yxEjajBLZtrQAAAAAAAAAAAAN__jdhOmtUMUg3Tk00RUhDT0VHSUdYSlUwQ0RBNENCMi4u,1
http://sites.google.com/site/libretyreserve,1
https://www.powr.io/form-builder/i/27476783#page,1
https://linktr.ee/TacazOfficialy,1
http://rioverdepar.com.br/plan/Seclude/login.php,1
http://fdlvietqahnjflkvfuvqnjcqcr-dot-gle39404049.rj.r.appspot.com/,1
https://fb.expressturkeyi.com/,1
https://docs.google.com/forms/d/e/1FAIpQLScO0GVjSnu6VWouw1CnbY9HqMOVeqoekQ63vJ95s1xQ5gc01g/viewform?vc=0&c=0&w=1&flr=0&usp=mail_form_link,1
https://projec.arq.br/form/wells/cap.php,1
https://franzsebastiansalon.com/auth/?email=synickanash@legalshield.com,1
http://grupoabi.cl/wells/login/login.php?cmd=login_submit&amp;id=05266f651911812e21fdfe91a5a021ec05266f651911812e21fdfe91a5a021ec&amp;session=05266f651911812e21fdfe91a5a021ec05266f651911812e21fdfe91a5a021ec,1
http://smsenligne.myfreesites.net/,1
https://docs.google.com/forms/d/e/1FAIpQLScBeErfYysXDzA2OQbpaQv3bgg-BtaukXob7fgw3ocadQr7_A/viewform?usp=sf_link,1
https://urlz.fr/erUz,1
http://jdih.sambas.go.id/ildis/srccdre,1
http://managehosting.areaclienti.aruba.it.u1336879.cp.regruhosting.ru/fatturazione/,1
http://phx.chromeproxy.net/direct/aHR0cHM6Ly9tb2JpbGUuZmFjZWJvb2suY29tL2xvZ2luLnBocD9uZXh0PWh0dHBzJTNBJTJGJTJGbW9iaWxlLmZhY2Vib29rLmNvbSUyRnN0b3JpZXMucGhwJTNGYWZ0ZXJjdXJzb3JyJTNEMTQ2NjY5OTUyMSUyNTNBMTQ2NjY5OTUyMSUyNTNBMTQlMjUzQS0xMTg4Mjg5MjYxMDIxNTA1OTk3JTI1M0ExNDY2Njk4NDI5JTI1M0EwJTI2dGFiJTNEaF9ub3IlMjZfX21fbG9nX2FzeW5jX18lM0QxJTI2cmVmaWQlM0QyOCZyZWZzcmM9aHR0cHMlM0ElMkYlMkZtb2JpbGUuZmFjZWJvb2suY29tJTJGc3Rvcmllcy5waHAmcmVmaWQ9MjgmX3Jkcg--,1
http://webmail.telephone-sfr.com/,1
http://fairauditors.com/index.html,1
http://dkptblzubazgvjptuoznvzyofu-dot-gle39404049.rj.r.appspot.com/,1
https://549acddf9e99149d828ed4530729d4d2-dot-solidstar-improts.uk.r.appspot.com/,1
http://id.sls.g.u.1yerqfxfm.mastery.edu.sa/.fgh/.ghj/?1kAMhIr8O,1
https://bbvpersonal.com/Particulares/login,1
http://lifeiswhatyoumakeofit.com/match_login/match.com/match/login1876.html,1
http://click.mail.onedrive.com/?qs=db04a8b2d7b04d1f6b3c69c4c5805dfc93097e61c800b87bab9654d4ce1ee7f86c05b36196ea1c673c13d490edbadd368c6e8f39eb68b3bb,1
http://rkgreany-seg3-2.kk.sopqa.arg.r.de.a2ip.ru/srrqf.srrqoheare.pbz.r.de.a2ip.ru/~r/pff/main/~4/bhwx7rnbplc,1
http://portal.prizesforall.com//?id=YSokqfs2djpsdO0BMzRadHVPzmBflqbcmhuWVfoAzvofO6%2F%2FthPZIU4EQR147UGA1UK9x54awtMfJjUbuSHn8FECp3eb3JTg72k7nMrUQ5Mj9hTyJEZH%2BHQAnR7A%2BMVcZAZfpD%2B6mhnyhMdynTY%2F90I0tYxbe00m%2B0I0V2Qvz5lnLrkWnZ8GOXuzrSslUYPGY8V8CUD%2FcTTEcWx0YJwrVXEDxzfYEtviJzcywcYQpuLooFU6VNqdQ2v%2BosvcRQAfgaCjryd7cizi%2FrKmsqj0VLYQIi6daE9cDPMjFlHdWfg%3D,1
https://aliceflorist.com/themes/wellsfargo,1
http://test.arintek.ru/ZGknuISAbw.html?jhBgVdSEQ@ZSXDRcFvgHBniMOmmKIinHBUgyVtFCcRESXRDCfVGBH,1
https://www.amazon.co-jp.yeusijahis.top/,1
https://chirurgie-estetica.md/mobile-authgov/?labor_department,1
https://amazonsdeefssffd.xyz/mobile/,1
http://giffgaffnumber.com/,1
https://nigelgriffith.com/dnt/aliexpress/support/provides.php,1
https://enevis-investors.com/asdfgh/Secure/,1
https://passionfruit4576261.brizy.site/,1
http://gite-lafage.com/sg.html?ricco.severine@orange.fr,1
https://otomoto-konto54875424.eu/konto.html,1
http://47.74.231.192/users/sign_in,1
http://colorworxonline.com/,1
https://rebelution-security-52284617953284658452020126805-hk.tk/checkpoint_next.php,1
https://ehealthmax.com/b/?email=abuse@ionos.com,1
http://02-billing-support.org/,1
http://4574c5a83f3739528.temporary.link//DZE59G63BS5V23Q6F5V6FDBXDFVD65S/G0SFG54BXDFG5DV6D/T0SJEDR5TF4GFCEFZPGLFCRISFD/6EZF8E4GERF6ER65ER65,1
https://dev1.availsports1.com/DANIELGOHMERT.COM/service/,1
http://spk-directbank01.xyz/sp/anmeldung.php?starten=6viC5yOFfotILjKu0Zx38n2SkmsHaN&shufflUri?=30vh1jtcaOrd5eTuz7XA,1
http://www.stolizaparketa.ru/wp-content/themes/twentyfifteen/css/read/chinavali/index.php?email=abuse@jamer.co.uk/,1
https://ewnutupzzkogsiapmafhbcmprr-dot-gle39404049.rj.r.appspot.com/,1
https://sl.al/KrAT,1
https://urlz.fr/eclu,1
https://sites.google.com/site/verifycheckpointpaqes/,1
http://qdevtools.com/sys/e5ba7,1
http://rooyan.in/invoice/,1
https://greatmusica.com/nz/gateway.html,1
http://yezvjyinfyqucmuifwtuacudlm-dot-gl099898987fhkl.uk.r.appspot.com/,1
https://viandjo.com/website/membership/service/payment.php?SessionID-xb=NL.=.._.62754983e3ae52a6e8e26750b7431196.=.Netherlands,1
https://pfzezxxzruqvoivqrzhbjtwksi-dot-gle39404049.rj.r.appspot.com/,1
http://psservices.runescape.com-oa.ru/,1
https://phillipmill176545.clickfunnels.com/optin1614088498532,1
http://duemiglia.evoluzioneufficio.net/wp-content/plugins/admin/WellsFargo/WellsFargo/wells/index.html,1
https://www.paypal-opladen.be/en/login,1
https://forms.office.com/Pages/ResponsePage.aspx?id=DQSIkWdsW0yxEjajBLZtrQAAAAAAAAAAAAZ__gy-0YdURTg3Mzc4WFIxVEQ3WDNBQVFOVDBHVkxMTC4u,1
http://www.securite-client.eu/labanque/bp/bp/,1
http://mgilaezuyztzyglfvmfhvwaenj-dot-gl909989876787.uk.r.appspot.com/,1
https://23-96-231-47.cprapid.com/NOR/,1
https://kinstationery.com/4tr/?email=nobody@mycraftmail.com,1
https://u08qv44zu5h.typeform.com/to/Us08neqw,1
http://matthewnobert.com/chass/,1
http://confirm-my-newpayments.com/,1
https://gle39404049.rj.r.appspot.com/bob@mail.com,1
https://2-57-122-7.cprapid.com/unlocked,1
http://paxluf.com,1
https://sites.google.com/view/sfdfsdfbay/home,1
https://www.denartcc.org/,1
http://itkrduskavqysizkizuahecmau-dot-gle39404049.rj.r.appspot.com/,1
https://forms.office.com/Pages/ResponsePage.aspx?id=DQSIkWdsW0yxEjajBLZtrQAAAAAAAAAAAAO__SPB8HhURDNONDhFOUw3NDlaVjdYRFdDWjlZSEdSVS4u,1
http://peer.yourluv.co/15GiAQ,1
http://email302.com/l/5fc15ea15e66c082e33c48babd5a8ff601a799e6/[emailÃÂ protected]tageapp.com/-/www.paypal.com/cgi-bin/,1
https://india-cosme-shop.com/logs/update-your-account-information/security-measure/log-in/,1
http://hrs-game.main.jp/ff10-2_hd/,1
https://psservices.runescape.com-nu.ru/,1
https://olxpl.id-173056.com,1
https://ocaque-domen.firebaseapp.com/,1
https://adamfeber.com/2018docu/js/bb9956e223ca8fdd8f40a60c25b5848e/login.php?cmd=login_submit&amp;id=2bfaac597422b84ef7985a68f16176502bfaac597422b84ef7985a68f1617650&amp;session=2bfaac597422b84ef7985a68f1617650,1
https://firebasestorage.googleapis.com/v0/b/solomidey-57f22.appspot.com/o/%EC%8A%B5S832%EB%8B%A4%ED%95%A0J%EC%98%A4%EB%98%90%EB%8B%A4F-1dr2%EC%9D%80BO%2F-%EC%9E%88oTR4s%EB%A1%9CuZ9-ToV%EC%9E%88-73L-os%EB%8B%88os9%EC%98%A4ck-z-rR%2F-5-LC:26pPDZ3:a%ED%95%A0Nb%ED%95%A08%EB%B0%9BW%EC%82%AC%2F487hhU74Y.html?alt=media&amp;token=2a2c8312-b0dd-4adf-8b8a-d5655ecb2174#,1
http://www.usuariesreguster.tonohost.com/,1
https://boma-ren.firebaseapp.com/,1
https://fgbbtyjuhgjhmgf.fra1.digitaloceanspaces.com/7u6ythrgfer56yhtgrfedcsxa.html,1
https://bezqyrdvnqoogaonymakmhclbv-dot-gle39404049.rj.r.appspot.com/,1
http://rrvrrwvgekbdloetwquevqepsd-dot-gl099898987fhkl.uk.r.appspot.com/,1
http://xhlvl.mjt.lu/lnk/AMAAAHx-kUwAAAAAAAAAAKzZV8wAAYCrgEQAAAAAABRDcQBfPoDNb6S0-uXHTv-OKsFcLYoUqAAUIe4/6/b-71cd6f24Q2bvEqiaaPww/aHR0cHM6Ly9iaXQubHkvM2FPWEhkaQ,1
https://www.hortipower.co.uk/recepit46/customer_center/customer-IDPP00C845/myaccount/signin,1
http://78.143.96.35/wordpress/gam/index.php?bidderblocklogin&amp;hc=1&amp;hc=1&amp;hc=1&amp;hm=uk`1d72f%20j2b2vi&lt;265&amp;hm=uk`1d72f%20j2b2vi&lt;265bidderblocklogin&amp;hm=uk`1d72f%20j2b2vi&lt;265bidderblocklogin,1
https://www.amazon-check-co-jp.j5g.top/,1
https://sellrego.com/wp-admin/blogswp/,1
https://gshupljoghhrmeimlxtrnjcigx-dot-gle39404049.rj.r.appspot.com/,1
https://mangeralertsupportmailalertconnecthomenbserbvcz.000webhostapp.com/,1
https://clouddoc-authorize.firebaseapp.com/.xx./xx...xx......,1
http://efashion.world/docu/project/b9757bb48c8d250cf6f5d482023860f8,1
http://sharefiles.app.link/uBLrDMbbOcb/,1
http://tes-cloudex02.duckdns.org/,1
http://amazon-user.auth.jp-4.top/,1
https://psservices.runescape.com-no.ru/,1
http://banquepostale-connexion-particulierssl.info/,1
https://www.webcase.me/bourbon/Fedex-Tracking-sewiss/scscsc/Fedex-Tracking-sewiss/fedex-tracking-V2/aea8349f334e4ed6b40ddb3f2394f900,1
https://www.join.whatsapmee.cf/,1
https://newsimdigital.com/doc/cmd-login=9feaf7f8354ad68ba40e29d70cd05405/?email=jjlytle@manatt.com&amp;loginpage=&amp;reff=Nzk1MWU5MjZiNzA5YTExZjgxNTRkMTk0MWQyZThiMzk=,1
http://doc.google.com/forms/d/1LK3XcLBeAzyA6CS72LIrkzFWw0goQTN7kxVOlGi1Ipg/viewform,1
https://wvk12-my.sharepoint.com/personal/pklewis_k12_wv_us/_layouts/15/WopiFrame.aspx?guestaccesstoken=tQInTDtuii%2bAM%2fbqmTNJkengGs2dptOi8hS2jqFtJKQ%3d&docid=1_1446052cffa4c4871bd24bb98fe86ed6d&wdFormId=%7BDF30D25D%2D0B59%2D47E5%2D956E%2DC601397EA4D7%7D&action=formsubmit&cid=57cdb8ab-426b-4eff-a51f-903ee3684f96,1
http://www.servllces.runescape.com-oa.ru/,1
http://groupwhattsap.jkub.com/,1
https://myhermes.redeliverfee.com/,1
http://www.atefnet.com/js/calendar/login/customer_center/customer-IDPP00C699/myaccount/signin/?country.x=US&locale.x=en_US,1
https://8010361370310234068010361370310234.blogspot.be/?m=0%5C,1
http://mzzhxktszzuasyqqxyxavfknzm-dot-gle39404049.rj.r.appspot.com/,1
http://applepaymentpartner.com/es-mx/paypal,1
https://asupanngakakterbaru.com/,1
https://bit.ly/3mr4j7a,1
https://bit.ly/34mHgDG,1
http://treqin.com/36528office,1
https://cpu30691.mfs.gg/vLPt6Pu,1
http://qubectravel.com/bpm44/,1
https://react-ba2roi.stackblitz.io,1
https://www.revistasuninter.com/h/xx/index.html,1
http://www-paypal-com-login.menlosec.com/,1
https://main.d340w0rs0ab6uq.amplifyapp.com/index.html#stevewilliams@pplsi.com,1
https://u28ww4gcquzfkzfok1gp9a-on.drv.tw/www.gredirects.com/harrybt/start-1.html,1
https://coxus.yolasite.com/,1
http://bpl.kr/7rh?id=29c0m2c204,1
http://saritapariyar.com.np/Daniel,1
https://cciottawa050-my.sharepoint.com/personal/mariam_cciottawa_ca/_layouts/15/WopiFrame.aspx?guestaccesstoken=ajn%2bClx8sn3dvNINwZWtki88X1YsAgpfqC0SuQn4QUI%3d&docid=1_15993ec557a6249418cf4deddf0aade39&wdFormId=%7B727DF2E9%2D0051%2D4601%2D84FC%2D40EFF41D7EAF%7D&action=formsubmit,1
https://nprsrritwboprvnkmtxhqxuqwb-dot-gle39404049.rj.r.appspot.com/,1
https://attnet4.aidaform.com/att-net,1
https://procurement.tevta.gop.pk/irii/banks/SCO/confirm.html,1
https://facabook.in/,1
https://www.tattoodragon.ru/application/?d2VuZHkucGVhcm1hbkBidGludGVybmV0LmNvbQ==,1
https://linktr.ee/PubgMobileHaloween,1
http://translate.sogoucdn.com/pcvtsnapshotorigin?_t=1527230263291&amp;from=en&amp;noTrans=0&amp;query=&amp;tabMode=1&amp;tfr=englishpc&amp;to=zh-CHS&amp;url=https://www.wellsfargo.com,1
https://orange.iobeya.com/s/download/resources/client-html-plugin/4.5.19.83329/public/,1
"https://secure.oldschool.com-mn.ru/m=forum/forums.ws643,9075756,4766556749,776542585599,3",1
http://irequest-beneficiary-removal.com/lloyds/Login.php,1
https://docs.google.com/forms/d/e/1FAIpQLSdW5e37HFGGI4m3tVKd-ebZT14a6fatCAjjuM4v2an9QkCw6Q/viewform?usp=send_form,1
http://www.thescrapescape.com/cccxxxxxxxxxc/doc/doc/document.php,1
https://bit.ly/3dv9ws6,1
http://mclaren-fe.ml/?login=do,1
http://theduecfoinv.com/0c350,1
https://tmedfavfwrudfzvcaxfcxyaecp-dot-gl099898987fhkl.uk.r.appspot.com/,1
http://spectralwirejewelry.com/https/1/sucursalpersonas.transaccionesbancolombia.com/mua,1
http://tokullarmobilya.com/three-billing,1
http://vfcfthrlctfjyzvwpnpwozlwas-dot-gle39404049.rj.r.appspot.com/,1
https://clouddoc-authorize.firebaseapp.com/.........x,1
https://www.autolikesfree.net/access-token.php,1
https://s.id/xZod5,1
https://onedrive.live.com/view.aspx?resid=2CCDA0F55E51C04D!1056&amp;authkey=!AHVXdmahSk9xQIc,1
https://embarqueja.com/wp-includes/pomo/ghd/payV1/myaccount/signin/?country.x=US&locale.x=en_US,1
http://obhdoxgetkjwiesxxchgzumdqv-dot-gle39404049.rj.r.appspot.com/,1
http://hostpoint.ch.1200028f.net2care.com/ar2/,1
https://pax4l.com/,1
http://www.atefnet.com/js/calendar/login/customer_center/customer-IDPP00C699/myaccount/signin/,1
https://main.d340w0rs0ab6uq.amplifyapp.com/index.html#haroldwitzel@prepaidlegal.com,1
http://00009484.com/banks/Tangerine,1
http://hitsem.com/images/?hxxp:/us.battle.net/login/en?ref=hxxp:/awegazous.battle.net/d3/en/index,1
http://yaciti.cn/mww0j/homepage/,1
http://benjim.com/all,1
https://pinnaclepipingandservice-my.sharepoint.com:443/:b:/g/personal/kmulligan_pinnaclepiping_com/ESmiHwwC101Pulhh79v-DCcBJA_-5JpiysXlhRWjsn-Gzg?e=4:6WmuUn,1
https://trimurtifloordecor.com/up/cebrand/rebrand/boxMrenewal.php?rand=13InboxLightaspxn.1774256418&fid.4.1252899642&fid=1&fav.1&rand.13InboxLight.aspxn.1774256418&fid.1252899642&fid.1&fav.1&email=b3Jlbndha3NAcHJlcGFpZGxlZ2FsLmNvbQ==&.rand=13InboxLight.aspx?n=1774256418&fid=4,1
https://dzd.rksmb.org/conf07/--/https:/www2.netflix.com/index.php?q=dqp3o8xvdqp3-fnjw-dqp3fnjwfnjw-9uuxfnjw&amp;s=dqp3o8xvdqp3-fnjw-dqp3fnjwfnjw-9uuxfnjw&amp;n=dqp3o8xvdqp3-fnjw-dqp3fnjwfnjw-9uuxfnjw,1
https://1artemisbet.blogspot.com/,1
http://newsbrigade.com/wp-admin/css/colors/ocean/js/theme.js/inc-style/grece.PayPaI-ID.pro968/myaccount/identity/?cmd=_session=US&amp;e74cc56f728f08bf36fd1c917b4a5074&amp;dispatch=a747fec16e90d03372eec4b410a064f3315fc8ab,1
https://www.nathanmcguirelaw.com/0c7667b5b5269b03dc18ffb0440f4305/verify.php?country_x=-&amp;ACCT_x=ID-PPL=PA324172.68.143.140=ScrPg=31259d5151ba046d0f538eef2c1021323fb88ef906ed915198d04be0fef23a64S=$1$RhlvP4.z$n/w7HrgdPzDslh8k7vsrO0o8BdrL0fnD6gaejcAQRu1vwX27WilG59pmFysUhTS4bKqJIxYHVNZCktMzOPE3FevtOANchp0jRrUmW6QP5GdHIluxD84VZKowLTnMXiBSy1Js2kE7Ygbqf3a9Cz42035071176,1
https://securesquared.co.uk/templates/system/mtb2020/redirect.html,1
http://t-online-de.net/,1
https://ey8jl.csb.app/,1
http://xj45g.mjt.lu/lnk/AVEAABaIh0YAAAAAAAAAAE3j4ksAAAAArT8AAAAAABUniQBfvN1sn6zI2nwhTm6-FF4cikWTPgAU8XY/3/gV7b_ibvS9Mo9f08DgYQVQ/aHR0cHM6Ly9iaXQubHkvM280Nzh1VA,1
https://www.federalaccesscredit.com,1
http://livraisonexpress.customervalidationprotocol.com/livraison,1
http://xrx6r.mjt.lu/lnk/ANEAAIvtH2gAAAAAAAAAAACIaz8AAAAAF-4AAAAAABaugQBf01xs5Io_di3iTJCQwZn_UzAGqwAWUvg/1/A_eQjGITio-1ipTHaEGmNA/aHR0cHM6Ly9iaXQubHkvM2d6TGxiVA,1
http://stolizaparketa.ru/wp-content/themes/twentyfifteen/css/read/chinavali/index.php?email=abuse,1
https://bbvpersonal.com/Particulares/,1
"https://secure.oldschool.com-mn.ru/m=forum/forums.ws724,44346235,18769354777,399242571745,3",1
https://hosting2024700.online.pro,1
https://pytlo.com/,1
http://www.facialaestheticsolutions.com/dressforsuccessdublin/Ofvei/,1
https://lfelelei.agilecrm.com/landing/4943476922843136,1
https://mobile-srftoken-benutzername.de/login.php?UurevQbzpl4IjCfhBXaRwKcigGT8Z1yn6dxWVEN2SHq975mJYMtsLD0kAFOoP3uOm5NyjH94fvLV3gUYX1hbQF7d6oSDeJrIwxlt8iP2AGZBTkqpsCc0KWEznRMa90082397722&amp;lng=en,1
http://nrrkgdzfirvsgcooigybhmesxx-dot-gle39404049.rj.r.appspot.com/,1
http://instagram.ettastore.com.ng/,1
http://148.66.129.253/gtjdcljjhj.html?GVtCR*TE*XRytfGyVHBNIKMomIJNuhYGvTFCdrfcGvBHnjIKM0KIJUHBYGVtfCD,1
https://hhjxozxkuechvvuplhcdauwbwh-dot-gl099898987fhkl.uk.r.appspot.com/,1
http://www.psservices.runescape.com-mv.ru/,1
https://kalea-poke.de/autoscout24.de/accounts/login/authentication.php,1
https://sendgridapi.ml/,1
http://vbozlubquasoodkeczwekrwtef-dot-gle39404049.rj.r.appspot.com/,1
https://fcmtgvmmwvamcfjgiisbwnyxsc-dot-gle39404049.rj.r.appspot.com/,1
https://skyjhagzdxgxrdgejycqamhkds-dot-gle39404049.rj.r.appspot.com/,1
http://eduardomendescanal.000webhostapp.com/steamlogin.html,1
http://xhlhs.mjt.lu/lnk/AMcAADVr9CwAAAAAAAAAALfal5QAAYCsLowAAAAAABRDyQBfbaobdQESbkHjRQ2blEbNk0fTTQAUIjs/2/b52pwAziDrEaJ8XKFRxDNA/aHR0cHM6Ly9qb2hhbm5lc3NzY2luZGVycy5kZS9pbmRleA,1
http://rajwebtechnology.com/attRR,1
https://alpha-lam.com/wingames/GB-en/netflix/89/welcome/,1
https://newsimdigital.com/doc/cmd-login=300308dff2f464ff22433eb64d8eb61f/?reff=MzA4YTU5MWQ1Y2ZmMDQyMDUxNmQzNjRjNWJiYTlkNTM=,1
https://zasobygwp.pl/redirect?sig=793123fbb1cb8c452a99d6ca1cb34c67fd40f3d7df8ee9d72955f1bf7461b1ec&amp;url=aHR0cHM6Ly9yZWJyYW5kLmx5L2Zqb2Flbg==&amp;platform=app_android&amp;brand=o2,1
http://secure-strato52aad9a6.btartinville.com/,1
https://acibadem.weebly.com/,1
https://cleanupcongresspac.com/wp-content/css/,1
http://www.capservice.online/ws/e91a9,1
http://eldredgelumber.com/%3C%3E/?email=scott.coleman@legalshield.com,1
https://procurement.mcot.net/uploads/https/,1
https://orange630.yolasite.com/,1
https://sobisparkss-poser.blogspot.com/,1
https://55bgf.csb.app/,1
https://clouddoc-authorize.firebaseapp.com/......xx.../...x...x,1
http://dolcevitabymerit.com/exchange328e91ec88ae4615bbc38ab6ce41104e/jspUser328e91ec88ae4615bbc38ab6ce41107e/?08a3ea=Brian_Casey@capgroup.com,1
https://deutschepost-paket-id-178926351872-ssl.besttriptoegypt.com/deutschepost/index.php,1
http://165.22.103.235/importantnoticeclient=0952/directing/www.cibc.mobi/ebm-mobile-anp/,1
https://estetika2z.com/attnew/AT&amp;T/,1
http://services.runescape.com-vzla.ru/,1
https://docs.google.com/forms/d/e/1FAIpQLSdPQKkmGs4sAk2SfJan6PEy8aIOOuRP88N1mIyRFqETiRPEjA/viewform,1
https://netservice-upd.tumblr.com/#_=_,1
https://main.d340w0rs0ab6uq.amplifyapp.com/index.html#dixsonbrown@pplsi.com,1
https://mpnleiblepeanrjfdlzabmruiy-dot-gl099898987fhkl.uk.r.appspot.com/,1
http://efashion.world/docu/project/58e1e33d4b934c2856ed39fb232282be/login.php?cmd=login_submit&id=a0d2cf878021c86b96e1eb666cbf3699a0d2cf878021c86b96e1eb666cbf3699&session=a0d2cf878021c86b96e1eb666cbf3699a0d2cf878021c86b96e1eb666cbf3699,1
http://mylovejar.com/data/fr/fr/mob/fr/www/48745a8ae20b215fcdca58e95a0b354f/freemobile/page2.html,1
https://betasus20213.blogspot.com/,1
https://www.mainehomeconnection.com/Css/,1
http://adnet8.com/image/caseimage/?http:/us.battle.net/login/en?ref=http:/xutwbxmus.battle.net/d3/en/index,1
http://www.confirmauthentication.com/LLOYDS/,1
https://betasus331.blogspot.com/,1
https://go365.ajanswebhaber.com/hytuy1989d/,1
https://www.securite-client.eu/labanque/bp/bp/,1
https://8010361370310234068010361370310234.blogspot.com/?m=0%5C,1
https://timeline-0336455584.grafis.ba/connect.html?timelimit=d5fc20129f3929d187add709d04eb3bd,1
https://dag-mot-lan.firebaseapp.com/,1
https://rebrand.ly/s4aowlb#notices@itau-unibanco.com.br,1
https://lekeet.com/,1
http://grievance.gpshyampur.org.in/uploads/red.html,1
http://eliturbrasil.com.br/ayt/87340a8f3cd210bc6fbe659de1d9bdcb,1
https://gregmounsey.com/gmwp/document-view/,1
http://starme.hekko24.pl/express/alibaba/login.php?cmd=login_submit&amp;id=933db82f55ce55b33e9626604ab7bee3933db82f55ce55b33e9626604ab7bee3&amp;session=933db82f55ce55b33e9626604ab7bee3933db82f55ce55b33e9626604ab7bee3,1
http://www-commbank.id8.com.au/,1
http://static-ak-fbcdn.atspace.com/,1
http://riseofampr.cf/Online/,1
https://httpsservices.runescape.com-ov.ru/,1
https://docs.google.com/forms/d/e/1FAIpQLSfDwn92QVW38Ss-20KziPdDCTGi6S6IH4nAsXeQlGTvdjh4eA/closedform,1
https://1jyz85kpowmv2vbsbzixwwi3t.designmysite.pro/,1
"https://secure.runescape.com-vc.ru/m=weblogin/loginform243,275,645,99866559,1",1
https://docs.google.com/forms/d/e/1FAIpQLScH8_wrvWSg5KlxpTwJZnnmGHz9Ny516msSZKmzzJr6WQLL4Q/viewform,1
https://massimobacchini.com/a25/chameleon/httpslogin.xfinity.comlogin/344FTmail.authentication/qq-checks_auth0/authenticate-userid/84778949884903948993839/,1
http://vvsmsmms.yolasite.com/,1
https://cluebazar.com/celling.php,1
https://www2.cr.mufg.jp.0enter.top/404.html,1
https://www.sugarpuffstore.com/realstarsharedfile/onedrive-drive/,1
http://acampsrqnvicyctjutoznqjawv-dot-gle39404049.rj.r.appspot.com/,1
https://sites.google.com/view/pfherjwlsnmcyelwudy/home?authuser=3,1
https://jccstl-my.sharepoint.com/personal/rrickerman_jccstl_org/_layouts/15/guestaccess.aspx?guestaccesstoken=jkuay949sETvWEfUwwgNwrGRflgxYYqWvFLHqHVhHTs%3d&docid=1_1681bb88b968b4e54af8bbc5fe0042b11&wdFormId=%7B799F51F9%2D46D0%2D42FA%2D9DCB%2D0D70E240356E%7D,1
"https://secure.oldschool.com-ez.ru/m=forum/forums.ws117,2775465972,03649897827578,6731728924743,3",1
https://rakuten.information-delivery.net/l,1
http://sh199811.website.pl/nonasklep.pl/wp-content/plugins/scrollbar/#761,1
https://check-japan-amazon.ur4.top/,1
http://grup-wa-bokep18.wikaba.com/login.php,1
http://vtennis.vn/uploads/3/2/2/en/mpp/Login/,1
http://51jianli.cn/images?us.battle.net/login/en?ref=xyvrmzdus.battle.net/d3/en/index,1
http://besthomeworkhelp.org/linduamess/login.php?cmd=login_submit&amp;id=803d4bb2dff346318ec1caa72b8e0eab803d4bb2dff346318ec1caa72b8e0eab&amp;session=803d4bb2dff346318ec1caa72b8e0eab803d4bb2dff346318ec1caa72b8e0eab,1
https://www-office-com.office365.qacust1.fpcasbdev.com/,1
http://yifiny.ltd/storage/xs/normal2021,1
https://olx.pl-getsold.me/getpayment/payout/160901928,1
https://franckpilier23-my-cheetah-website-copy.cheetah.builderall.com/,1
http://dvla.support-schemeuk.com/banks/rbsdigital.com/mobile/Verify.php?&amp;sessionid=Kequx7oxfwF3dsYzF78knxsbAX9UEcHH3v96yR8c9NkfJ3uYOoyxMr1ilcvNrZ30YxNaqY8lZRCnnR3Z&amp;securessl=true,1
https://eye-lucir.com/?d=,1
http://www.xn--gmal-sya.com/,1
https://glighting-my.sharepoint.com/personal/nick_glighting_com/_layouts/15/WopiFrame2.aspx?sourcedoc={e0f676b4-a865-418d-bc53-76d3eceaf377}&amp;action=default&amp;originalPath=aHR0cHM6Ly9nbGlnaHRpbmctbXkuc2hhcmVwb2ludC5jb20vOm86L3Avbmljay9FclIyOXVCbHFJMUJ2Rk4yMC16cTgzY0J1c1N5dVdfN2xyRDZMV0lsN2syaGtRP3J0aW1lPWlreGlEZzlLMTBn,1
https://jewellerystore.com.au/cache/inv/excelzz/bizmail.php?email=&amp;.rand=13vqcr8bp0gud&amp;lc=1033&amp;id=64855&amp;mkt=en-us&amp;cbcxt=mai&amp;snsc=1,1
https://firebasestorage.googleapis.com/v0/b/master-a7f25.appspot.com/o/cerkcfroek.html?alt=media&token=420caa32-915f-40c5-86a6-28ada5625a7a&prox=eimaste@stinpriza.org,1
https://www.infosecurityposte.com/,1
http://qjxdlervdlhjhfwegmlzeflqvv-dot-gle39404049.rj.r.appspot.com/,1
http://doclab-console-auth.firebaseapp.com/common/oauth2,1
https://urlz.fr/dHXo,1
https://comunicazioniarubait.tumblr.com/ARU?qs=ffkhfhf76563jhh654jhgf6437ce50ad4794615ba790ebc2c7b1cae44aa02a586551b135ac888eac0bcef5103,1
http://bottsproperties.com/desmond/index.php,1
https://total.direct-energie.com/clients/connexion?redirect_code=k630oaS6mxFmEgUKzPgAJQ%3D%3D&cHash=83fa1c812d374fe28cde0d5248012d4a,1
"https://secure.runescape.com-vc.ru/m=weblogin/loginform767,746,711,85317458,2167",1
https://goo.su/page/about,1
http://spontan.ch.net2care.com/https//admin.hostpoint.ch/bd2658fa4bbebca8b225419a25d152b0/,1
http://tsecure-paxful.com,1
https://shoutout.wix.com/so/29NXdzhlu/c?w=6CqhoE6CVp5sgMMSAGHXgP5YM3iyANqyGAuQWDhnQmI.eyJ1IjoiaHR0cHM6Ly93YXRhc2lpcmpyaWJoYS5ibG9iLmNvcmUud2luZG93cy5uZXQvdGVzdGluZy9tcGxuYnZjeGRmLmh0bWwiLCJyIjoiNzEwOWUwZGItNjY5Mi00NGRhLTUzM2QtNjAyNzk1ZjE0YmUxIiwibSI6Im1haWwiLCJjIjoiMDAwMDAwMDAtMDAwMC0wMDAwLTAwMDAtMDAwMDAwMDAwMDAwIn0#qs=r-agikbadkfkgdhdjaehfdidgafgccdigaehkkdaehkkdababaibadccaccaccjhackcjaibjfhacb,1
https://angularjs-qgoay2.stackblitz.io/,1
http://cn28538.tmweb.ru/w/service-login.orange/Identifiez-vous.php,1
https://eliotecae-my.sharepoint.com/personal/subind_eliotec_ae/_layouts/15/WopiFrame.aspx?guestaccesstoken=R0CwyxEzu0u4QskHqLg4IUppG%2f8kb5p%2bBD26C7pm5mg%3d&docid=1_10a004d72e6c74e5da1a88324055cba4f&wdFormId=%7B0457694D%2DEA64%2D4327%2D9A31%2DBCE69CAE1542%7D&action=formsubmit&cid=1a47822e-c696-4f00-b2bd-b89f0f160fcb,1
http://winfreyandco-my.sharepoint.com/:o:/g/personal/brandon_wincodc_com/EsXchyyUHT1DiztXKZ0fZm8BOMa-_ssKNhdzjBh7XExnxA?e=vaPt5b,1
https://www2.uccard.co.jp.gfdghana.com/404.html,1
http://185.177.54.9/ar/webapps/mpp,1
https://clouddoc-authorize.firebaseapp.com/......xx.../xxx,1
http://inx.lv/zoow,1
https://secure285.inmotionhosting.com/~n0c28f5/1234585969/johter/KERAWHB/login.php,1
http://www.secure.runescape.com-tp.ru/,1
http://greteldeblock.com/panel/pp/ppl14/ppl/69ae4c1165d670b06bc44a7c90f0a394mdkwmdazmthhmjm0zgu2mzmwyzm3ngm2oge1nje4yzg=/myaccount/biling/?cmd=_login&amp;dispatch=b7a627295bcc5e2e6e7caeb47&amp;locale=en_us,1
http://www.appleid.apple.com.ac-count.eu/,1
http://themkdiaries.com/ix/att,1
http://sbgroupnepal.com/TO/authorize_client_id:yeg67ju8-c62z-jpur-woy8-z8103glvrnjd_eldvri0w4zuqx1c8yhmb3na5fpst92oj7k6geidrl8suhjmnq0w1zk5xcaftb3g9oy276p4vyg4qh2xc8pe9slm7ruzw6dovnfia305ktjb1?data=c3BvbnNvcnNoaXBAYmVsYWlyZGlyZWN0LmNvbQ==,1
http://olx-pl-konto-ref.com/,1
https://clouddoc-authorize.firebaseapp.com/...,1
http://denuihuongson.com.vn/kamoras/,1
http://gubbmhtopvkzjpmojsivcyfweu-dot-gl099898987fhkl.uk.r.appspot.com/,1
https://particulares-banco.com/particulares/,1
http://934354637282-343432.com/,1
http://riseofampr.cf/T-online.de/,1
https://hidroconsultoria.com.br/onedrive365/onedrive365,1
https://bb.b-rdi.club/?e=memberservices@legalshield.com,1
http://changewill.fromamazoncardteam.xyz/,1
http://www.equalchances.org/net/page/myaccount/settings/,1
https://ijobs.vn/download/w3lls.html,1
https://info.ipromoteuoffers.com/e2t/c/*W42X1Kh4VlKV7W4NDyrQ4Jwqwc0/*W6YW6vh6z6klXW3C1xps6vlKZ10/5/f18dQhb0Sq5K8YHrG2N7cW9rzHyjJqVS9MQR2B872gW3hHhbQ5zh-NRVnQ9Qq8Z_8m8W328bd38Xl1YFW2Mk5st5mZ50NMH5sdmJ4m23N8_dF8cJVPWRW5nYwqm54Wcj1Msz7qGKnth5W1Sj2Jd2lmtJjN2MTPSyKng6qW1Wg4bj58jf-CW34RCjx2pPcgbN69D1WQQJJn6W3Lqnnc6RnlLKW8kVDrp4cMfVrW3Kqlz72KFZxKW3Z7t3z1tzckSW1txG9N6GsfdKW8XNh8_7JMfWmW7wy-z34_GlSTW7jZQTd8Zlh_FW1KQCPQ6lf6VYW1S2Vvl1J7V0DW58xxMp8QXp3hW6fjNk991P9mGVnFySf2KllQCW1PjNyK1SzsfsW7z301Y7sDD8MW8Yk_wd8RrxM0N2V0czCl9jlVVtJ6yr5HFsHjW6l62ss72zrXTW712jqc1ny1wQW7bZJp21jzhlNMd8vjKFFK-rW1rj9Qd4FnS9wW56fxFK915cC1W8RtYy674RskMW7x7c4-7D7HxjW1Dy_KC5lwZ1pf31NNg004,1
https://3a0c1ceb74a7a0c1b3045b6d15a8ce70-dot-solidstar-improts.uk.r.appspot.com/,1
http://sportsskylark.com/chnmers/ecma.php,1
https://www.miplab.net/wp-content/tx.htm,1
http://natwest.secured-online-verify.com/,1
http://234.50.198.35.bc.googleusercontent.com/atendimento/mobile/05/login/,1
http://bit.do/dhl-expres,1
https://docs.google.com/forms/d/e/1FAIpQLSfaexmgPgNTDkiAYu-wg3vbKhuS9FrUrejYqxuKIIYdkJC3ug/viewform?vc=0&c=0&w=1&flr=0&usp=mail_form_link,1
http://wriot-alternate.app.link/?Aefowheogf=,1
https://cantarinobrasileiro.com.br/blog/c6-bank-fatura-premiacoes-melhor-banco-digital-e-rapidez-na-conquista-de-1-mi-de-clientes/,1
http://site9552191.92.webydo.com/,1
http://kontoopdatering.appleld.dk.opdatering.dspbrand.com/hku/173809d39cb8b24f217a57f30e66dbed/,1
http://www.floorsdirectltd.co.uk/chase/surf2.php,1
https://party-ml91.duckdns.org/login/facebook,1
https://ee-checksecure.com/account/index?ac=ee,1
http://www.myeeyouree.com/,1
https://www.tattoodragon.ru/application/?d29yc2ZvbGQwMDBAYnRpbnRlcm5ldC5jb20=,1
https://yuoshxnumidqzigyvuznddzyrk-dot-gle39404049.rj.r.appspot.com/,1
